layer,ordre,variable,label,json_name,type,obligatoire,min,max
Appui_Production_Valorisation,1,id_infra_prod,Identifiant Infrastructure,,text,TRUE,,
Appui_Production_Valorisation,2,nom_site,Nom du Site / Structure,,text,TRUE,,
Appui_Production_Valorisation,3,type_unite,Type d'Unité,Type_Infrastructure_Socio_Eco,text,TRUE,,
Appui_Production_Valorisation,4,etat_fonct,État de Fonctionnement,Etat_Fonctionnement,text,TRUE,,
Appui_Production_Valorisation,5,capacite_stockage_t,Capacité Estimée (Tonnes/Têtes),,double,FALSE,0,1000000
Appui_Production_Valorisation,6,connexion_corridor,Facilité d'Évacuation vers Corridor,Connexion_Corridor,text,TRUE,,
Gouvernance_Services_Securite,1,id_poste,Identifiant Poste / Service,,text,TRUE,,
Gouvernance_Services_Securite,2,nom_poste,Nom du Poste / Administration,,text,TRUE,,
Gouvernance_Services_Securite,3,zone_competence,Zone de Compétence,,text,FALSE,,
Gouvernance_Services_Securite,4,observations,Observations,,text,FALSE,,
Gouvernance_Services_Securite,5,type_service,Type de service,Type de service,text,TRUE,,
Gouvernance_Services_Securite,6,niveau_hierarchique,Niveau hiérarchique,Niveau hiérarchique,text,FALSE,,
Gouvernance_Services_Securite,7,etat_fonct_securite,État de fonctionnement,État de fonctionnement,text,TRUE,,
Gouvernance_Services_Securite,8,effectif_estime,Effectif estimé,Effectif estimé,text,FALSE,,
Gouvernance_Services_Securite,9,moyens_mobilite,Moyens de mobilité disponibles,Moyens de mobilité disponibles,multiselect,FALSE,,
Gouvernance_Services_Securite,10,moyens_communication,Moyens de communication,Moyens de communication,multiselect,FALSE,,
Gouvernance_Services_Securite,11,distance_acces_corridor,Distance / temps d'accès au corridor,Distance / temps d'accès au corridor (gare ou voie),text,FALSE,,
Gouvernance_Services_Securite,12,nature_interventions,Nature des interventions courantes,Nature des interventions courantes,multiselect,FALSE,,
Gouvernance_Services_Securite,13,frequence_interventions,Fréquence des interventions sur le corridor,Fréquence des interventions sur le corridor,text,FALSE,,
Gouvernance_Services_Securite,14,existence_convention,Existence de convention / protocole avec l'exploitant ferroviaire,Existence de convention / protocole avec l'exploitant ferroviaire,text,FALSE,,
Gouvernance_Services_Securite,15,source_energie_securite,Source d'énergie,Source d'énergie,multiselect,FALSE,,
Gouvernance_Services_Securite,16,reseau_telecom,Réseau de télécommunication,Réseau de télécommunication,text,FALSE,,
Ground_Truthing_LandCover,1,id_point_gt,ID Point Vérité-Terrain,,text,TRUE,,
Ground_Truthing_LandCover,2,classe_reelle,Classe d'Occupation du Sol,Classe_Occupation_Sol,text,TRUE,,
Ground_Truthing_LandCover,3,densite_couvert,Densité du Couvert (%),,integer,TRUE,0,100
Ground_Truthing_LandCover,4,observation_env,Notes Environnementales,,text,FALSE,,
Ground_Truthing_LandCover,5,photo_nord,Photo Vue Nord,,picture,FALSE,,
Ground_Truthing_LandCover,6,photo_sud,Photo Vue Sud,,picture,FALSE,,
Infrastructures_Ferroviaires,1,id_infra,Identifiant Infrastructure,,text,TRUE,,
Infrastructures_Ferroviaires,2,nom_gare,Nom de la Gare / Site,,text,TRUE,,
Infrastructures_Ferroviaires,3,troncon,Tronçon Ferroviaire,Troncon_Ferroviaire,text,TRUE,,
Infrastructures_Ferroviaires,4,type_infra,Type d'Infrastructure,Type_Infrastructure_Ferroviaire,text,TRUE,,
Infrastructures_Ferroviaires,5,etat_fonct,État de Fonctionnement,Etat_Fonctionnement,text,TRUE,,
Infrastructures_Ferroviaires,6,quai_embarq,Présence de Quai,,boolean,FALSE,,
Infrastructures_Ferroviaires,7,zone_stockage,Aire de Stockage / Magasin,,boolean,FALSE,,
Infrastructures_Ferroviaires,8,connexion_route,Connexion au Réseau Routier,Connexion_Route_Gare,text,FALSE,,
Infrastructures_Ferroviaires,9,mode_apport,Mode d'Apport Principal,Mode_Apport,text,FALSE,,
Infrastructures_Ferroviaires,10,temps_acces_min,Temps d'Accès Moyen (min),,integer,FALSE,0,1440
Infrastructures_Ferroviaires,11,photo_ref,Photo de l'Infrastructure,,picture,FALSE,,
Points_Vente_Marches,1,id_marche,Identifiant Marché,,text,TRUE,,
Points_Vente_Marches,2,nom_marche,Nom du Marché / Point de Vente,,text,TRUE,,
Points_Vente_Marches,3,zone_desservie,Zone Desservie,,text,FALSE,,
Points_Vente_Marches,4,zone_implantation,Zone d'implantation,Zone d'implantation,text,TRUE,,
Points_Vente_Marches,5,type_marche,Type,Type,text,TRUE,,
Points_Vente_Marches,6,type_marchandise,Type de marchandise,Type de marchandise,multiselect,TRUE,,
Points_Vente_Marches,7,origine_flux,Origine flux,Origine flux,multiselect,FALSE,,
Points_Vente_Marches,8,presence_magasin_stockage,Présence magasin de stockage,Présence magasin de stockage,boolean,FALSE,,
Points_Vente_Marches,9,capacite_stockage,Capacité de stockage,Capacité de stockage,text,FALSE,,
Points_Vente_Marches,10,presence_aire_chargement,Présence aire de chargement,Présence aire de chargement,boolean,FALSE,,
Points_Vente_Marches,11,type_aire_chargement,Type d'aire de chargement,Type d'aire de chargement,text,FALSE,,
Points_Vente_Marches,12,distance_gare_route,Distance à la gare/route la plus proche,Distance à la gare/route la plus proche,text,FALSE,,
Points_Vente_Marches,13,frequence_activite,Fréquence d'activité,Fréquence d'activité,text,FALSE,,
Points_Vente_Marches,14,reseau_telecom,Réseau de télécommunication,Réseau de télécommunication,text,FALSE,,
Reseau_Routier_Pistes,1,id_troncon,Identifiant Tronçon,,text,TRUE,,
Reseau_Routier_Pistes,2,nom_voie,Nom / Numéro de la Voie,,text,FALSE,,
Reseau_Routier_Pistes,3,categorie_voie,Catégorie de la Voie,Categorie_Voie,text,TRUE,,
Reseau_Routier_Pistes,4,type_surface,Type de Revêtement,Type_Revetement,text,TRUE,,
Reseau_Routier_Pistes,5,largeur_m,Largeur Chaussée (mètres),,double,FALSE,0.5,40
Reseau_Routier_Pistes,6,vitesse_moy_kmh,Vitesse Moyenne Estimée (km/h),,double,FALSE,0,120
Reseau_Routier_Pistes,7,pt_critique,Présence Point Critique,,boolean,FALSE,,
Reseau_Routier_Pistes,8,type_blocage,Type de Blocage / Obstacle,Type_Blocage,text,FALSE,,
Reseau_Routier_Pistes,9,praticabilite_pluie,Praticabilité en Pluie,Praticabilite_Saison_Pluies,text,TRUE,,
Reseau_Routier_Pistes,10,duree_coupure_jours,Durée d'Interruption (jours/an),,integer,FALSE,0,365
Services_Sociaux_Bases,1,id_service,Identifiant Service,,text,TRUE,,
Services_Sociaux_Bases,2,nom_etablissement,Nom de l'Établissement,,text,TRUE,,
Services_Sociaux_Bases,3,zone_desservie,Zone Desservie,,text,FALSE,,
Services_Sociaux_Bases,4,domaine_activite,Type de service / Domaine d'activité,Type de service / Domaine d'activité,text,TRUE,,
Services_Sociaux_Bases,5,type_equipement,Type équipement,Type équipement,text,TRUE,,
Services_Sociaux_Bases,6,etat_fonct_service,État de fonctionnement,État de fonctionnement,text,TRUE,,
Services_Sociaux_Bases,7,source_energie_service,Source d'énergie,Source d'énergie,multiselect,FALSE,,
Services_Sociaux_Bases,8,temps_acces_corridor,Temps d'accès au corridor,Temps d'accès au corridor,text,FALSE,,
Services_Sociaux_Bases,9,accessibilite,Accessibilité,Accessibilité,text,FALSE,,
Services_Sociaux_Bases,10,capacite_accueil,Capacité d'accueil,Capacité d'accueil,text,FALSE,,
Services_Sociaux_Bases,11,reseau_telecom,Réseau de télécommunication,Réseau de télécommunication,text,FALSE,,
Activites_autour_gare,1,id_activite,Identifiant,,text,TRUE,,
Activites_autour_gare,2,nom_designation,Nom / Désignation,,text,TRUE,,
Activites_autour_gare,3,observations,Observations,,text,FALSE,,
Activites_autour_gare,4,type_activite,Type d'activité,Type d'activité,text,TRUE,,
Activites_autour_gare,5,type_culture,Type de culture,Type de culture,multiselect,FALSE,,
Activites_autour_gare,6,type_elevage,Type d'élevage / usage pastoral,Type d'élevage / usage pastoral,multiselect,FALSE,,
Activites_autour_gare,7,localisation_gare,Localisation par rapport à la gare/voie,Localisation par rapport à la gare/voie,text,TRUE,,
Activites_autour_gare,8,distance_voie,Distance à la voie ferrée,Distance à la voie ferrée,text,FALSE,,
Activites_autour_gare,9,statut_occupation,Statut d'occupation,Statut d'occupation,text,TRUE,,
Activites_autour_gare,10,nature_foncier,Nature du foncier occupé,Nature du foncier occupé,text,FALSE,,
Activites_autour_gare,11,superficie_estimee,Superficie estimée,Superficie estimée,text,FALSE,,
Activites_autour_gare,12,traversee_betail,Traversée du bétail sur la voie,Traversée du bétail sur la voie,text,FALSE,,
Activites_autour_gare,13,nb_exploitants,Nombre d'exploitants / acteurs estimé,Nombre d'exploitants / acteurs estimé,text,FALSE,,
Activites_autour_gare,14,genre_exploitants,Genre des exploitants (dominant),Genre des exploitants (dominant),text,FALSE,,
Activites_autour_gare,15,anciennete_activite,Ancienneté de l'activité,Ancienneté de l'activité,text,FALSE,,
Activites_autour_gare,16,point_traversee_informelle,Point de traversée informelle de la voie,Point de traversée informelle de la voie,boolean,FALSE,,
Activites_autour_gare,17,niveau_risque,Niveau de risque sécuritaire,Niveau de risque sécuritaire,text,FALSE,,
Activites_autour_gare,18,impact_exploitation,Impact sur l'exploitation ferroviaire,Impact sur l'exploitation ferroviaire,text,FALSE,,
Activites_autour_gare,19,acces_services_base,Accès aux services de base sur site,Accès aux services de base sur site,multiselect,FALSE,,
Activites_autour_gare,20,reseau_telecom,Réseau de télécommunication,Réseau de télécommunication,text,FALSE,,
Gares,1,id_fichegare,Identifiant,,text,TRUE,,
Gares,2,nom_gare_detail,Nom de la gare,,text,TRUE,,
Gares,3,zone_desservie,Zone desservie,,text,FALSE,,
Gares,4,axe_ferroviaire,Axe,Axe,text,TRUE,,
Gares,5,type_gare,Type de gare,Type de gare,text,TRUE,,
Gares,6,etat_fonct_garedet,Etat fonctionnement,Etat fonctionnement,text,TRUE,,
Gares,7,quai_embarquement,Quai d'embarquement,Quai d'embarquement,text,FALSE,,
Gares,8,connexion_route_gare,Connexion route,Connexion route,text,FALSE,,
Gares,9,mode_acces_gare,Mode d'accès à la gare (Apport),Mode d'accès à la gare (Apport),multiselect,FALSE,,
Gares,10,temps_acces_garedet,Temps mis,Temps mis,text,FALSE,,
Gares,11,distance_approx,Distance approximative,Distance approximative,text,FALSE,,
Gares,12,presence_magasin_gare,Présence de magasin,Présence de magasin,boolean,FALSE,,
Gares,13,type_magasin,Type de magasin,Type de magasin,text,FALSE,,
Gares,14,capacite_stockage_gare,Capacité de stockage,Capacité de stockage,text,FALSE,,
Gares,15,reseau_telecom,Réseau de télécommunication,Réseau de télécommunication,text,FALSE,,
Gares,16,operateur_telecom,Opérateur de télécommunication,Opérateur de télécommunication,multiselect,FALSE,,
Ouvrage_franchissement,1,id_ouvrage,Identifiant,,text,TRUE,,
Ouvrage_franchissement,2,nom_repere,Nom / Repère,,text,TRUE,,
Ouvrage_franchissement,3,zone_desservie,Zone Desservie,,text,FALSE,,
Ouvrage_franchissement,4,observations,Observations,,text,FALSE,,
Ouvrage_franchissement,5,type_ouvrage,Type d'ouvrage,Type d'ouvrage,text,TRUE,,
Ouvrage_franchissement,6,statut_ouvrage,Statut / caractère officiel,Statut / caractère officiel,text,FALSE,,
Ouvrage_franchissement,7,usage_principal,Usage principal,Usage principal,multiselect,FALSE,,
Ouvrage_franchissement,8,etat_ouvrage,État de l'ouvrage,État de l'ouvrage,text,TRUE,,
Ouvrage_franchissement,9,dispositif_securite,Dispositif de sécurité,Dispositif de sécurité,multiselect,FALSE,,
Ouvrage_franchissement,10,presence_gardien,Présence de gardien-barrières,Présence de gardien-barrières,text,FALSE,,
Ouvrage_franchissement,11,visibilite_ouvrage,Visibilité de l'ouvrage,Visibilité de l'ouvrage,text,FALSE,,
Ouvrage_franchissement,12,frequence_circulation,Fréquence de circulation (route),Fréquence de circulation (route),text,FALSE,,
Ouvrage_franchissement,13,historique_accidents,Historique d'accidents signalés,Historique d'accidents signalés,text,FALSE,,
Ouvrage_franchissement,14,connexion_route_classee,Connexion à une route classée,Connexion à une route classée,text,FALSE,,
Ouvrage_franchissement,15,distance_gare_proche,Distance à la gare la plus proche,Distance à la gare la plus proche,text,FALSE,,
Ouvrage_franchissement,16,necessite_rehab,Nécessité de réhabilitation/aménagement,Nécessité de réhabilitation/aménagement,text,FALSE,,
